Ticker,Ticker_B3,Codigo_Emissor,CD_CVM,CNPJ_CIA,DENOM_CIA,Nome_Pregao,Setor,Subsetor,Segmento_Setorial,Segmento_Listagem,Eh_Estatal,Participacao_Indice,Segmento_Novo_Mercado,Segmento_Nivel_1,Segmento_Nivel_2,Segmento_Bovespa_Mais,Segmento_Bovespa_Mais_Nivel_2,Segmento_Tradicional
ABCB4.SA,ABCB4,ABCB,20958,28195667000106,BCO ABC BRASIL S.A.,ABC BRASIL,Financeiro,Intermediários Financeiros,Bancos,Nivel 2,0,"0,068",0,0,1,0,0,0
ABEV3.SA,ABEV3,ABEV,23264,7526557000100,AMBEV S.A.,AMBEV S/A,Consumo não Cíclico,Bebidas,Cervejas e Refrigerantes,Tradicional,0,"2,095",0,0,0,0,0,1
AGRO3.SA,AGRO3,AGRO,20036,7628528000159,BRASILAGRO - CIA BRAS DE PROP AGRICOLAS,BRASILAGRO,Consumo não Cíclico,Agropecuária,Agricultura,Novo Mercado,0,"0,040",1,0,0,0,0,0
ALOS3.SA,ALOS3,ALOS,22357,5878397000132,ALLOS S.A,ALLOS,Nao Classificado,Exploração de Imóveis,Nao Classificado,Novo Mercado,0,"0,500",1,0,0,0,0,0
ALPA4.SA,ALPA4,ALPA,10456,61079117000105,ALPARGATAS S.A.,ALPARGATAS,Consumo Cíclico,"Tecidos, Vestuário e Calçados",Calçados,Nivel 1,0,"0,056",0,1,0,0,0,0
ALUP11.SA,ALUP11,ALUP,21490,8364948000138,ALUPAR INVESTIMENTO S/A,ALUPAR,Utilidade Pública,Energia Elétrica,Energia Elétrica,Nivel 2,0,"0,183",0,0,1,0,0,0
AMOB3.SA,AMOB3,AMOB,27707,35654688000108,AUTOMOB PARTICIPAÇÕES S.A.,AUTOMOB,Nao Classificado,Automóveis e Motocicletas,Nao Classificado,Novo Mercado,0,"0,005",1,0,0,0,0,0
ANIM3.SA,ANIM3,ANIM,23248,9288252000132,ANIMA HOLDING S.A.,ANIMA,Consumo Cíclico,Diversos,Serviços Educacionais,Novo Mercado,0,"0,038",1,0,0,0,0,0
ARML3.SA,ARML3,ARML,26069,242184000104,ARMAC LOCAÇÃO. LOGÍSTICA E SERVIÇOS S.A.,ARMAC,Bens Industriais,Máquinas e Equipamentos,Máq. e Equip. Industriais,Novo Mercado,0,"0,030",1,0,0,0,0,0
ASAI3.SA,ASAI3,ASAI,25372,6057223000171,SENDAS DISTRIBUIDORA S.A.,ASSAI,Consumo não Cíclico,Comércio e Distribuição,Alimentos,Novo Mercado,0,"0,409",1,0,0,0,0,0
AUAU3.SA,AUAU3,AUAU,27766,53153938000108,UNIÃO PET PARTICIPAÇÕES S.A.,PETZCOBASI,Nao Classificado,Produtos Diversos,Nao Classificado,Novo Mercado,0,"0,037",1,0,0,0,0,0
AURE3.SA,AURE3,AURE,26620,28594234000123,AUREN ENERGIA S.A.,AUREN,Utilidade Pública,Energia Elétrica,Energia Elétrica,Novo Mercado,0,"0,149",1,0,0,0,0,0
AXIA3.SA,AXIA3,AXIA,2437,1180000126,CENTRAIS ELET BRAS S.A. - ELETROBRAS,AXIA ENERGIA,Nao Classificado,Energia Elétrica,Nao Classificado,Nivel 1,1,"4,043",0,1,0,0,0,0
AXIA6.SA,AXIA6,AXIA,2437,1180000126,CENTRAIS ELET BRAS S.A. - ELETROBRAS,AXIA ENERGIA,Nao Classificado,Energia Elétrica,Nao Classificado,Nivel 1,1,"0,608",0,1,0,0,0,0
AXIA7.SA,AXIA7,AXIA,2437,1180000126,CENTRAIS ELET BRAS S.A. - ELETROBRAS,AXIA ENERGIA,Nao Classificado,Energia Elétrica,Nao Classificado,Nivel 1,0,"1,157",0,1,0,0,0,0
AZZA3.SA,AZZA3,AZZA,22349,16590234000176,AZZAS 2154 S.A.,AZZAS 2154,Nao Classificado,Tecidos. Vestuário e Calçados,Nao Classificado,Novo Mercado,0,"0,093",1,0,0,0,0,0
B3SA3.SA,B3SA3,B3SA,21610,9346601000125,B3 S.A. - BRASIL. BOLSA. BALCÃO,B3,Financeiro,Serviços Financeiros Diversos,Serviços Financeiros Diversos,Novo Mercado,0,"3,203",1,0,0,0,0,0
BBAS3.SA,BBAS3,BBAS,1023,191,BCO BRASIL S.A.,BRASIL,Financeiro,Intermediários Financeiros,Bancos,Novo Mercado,1,"2,210",1,0,0,0,0,0
BBDC3.SA,BBDC3,BBDC,906,60746948000112,BCO BRADESCO S.A.,BRADESCO,Financeiro,Intermediários Financeiros,Bancos,Nivel 1,0,"0,849",0,1,0,0,0,0
BBDC4.SA,BBDC4,BBDC,906,60746948000112,BCO BRADESCO S.A.,BRADESCO,Financeiro,Intermediários Financeiros,Bancos,Nivel 1,0,"3,439",0,1,0,0,0,0
BBSE3.SA,BBSE3,BBSE,23159,17344597000194,BB SEGURIDADE PARTICIPAÇÕES S.A.,BBSEGURIDADE,Financeiro,Previdência e Seguros,Seguradoras,Novo Mercado,0,"0,696",1,0,0,0,0,0
BEEF3.SA,BEEF3,BEEF,20931,67620377000114,MINERVA S.A.,MINERVA,Consumo não Cíclico,Alimentos Processados,Carnes e Derivados,Novo Mercado,0,"0,058",1,0,0,0,0,0
BHIA3.SA,BHIA3,BHIA,6505,33041260065290,GRUPO CASAS BAHIA S.A.,CASAS BAHIA,Nao Classificado,Eletrodomésticos,Nao Classificado,Novo Mercado,0,"0,009",1,0,0,0,0,0
BLAU3.SA,BLAU3,BLAU,24627,58430828000160,BLAU FARMACÊUTICA S.A.,BLAU,Saúde,Comércio e Distribuição,Medicamentos e Outros Produtos,Novo Mercado,0,"0,014",1,0,0,0,0,0
BMOB3.SA,BMOB3,BMOB,25500,9042817000105,BEMOBI MOBILE TECH S.A.,BEMOBI TECH,Tecnologia da Informação,Programas e Serviços,Programas e Serviços,Novo Mercado,0,"0,070",1,0,0,0,0,0
BPAC11.SA,BPAC11,BPAC,22616,30306294000145,BCO BTG PACTUAL S.A.,BTGP BANCO,Financeiro,Intermediários Financeiros,Bancos,Nivel 2,0,"2,998",0,0,1,0,0,0
BRAP4.SA,BRAP4,BRAP,18724,3847461000192,BRADESPAR S.A.,BRADESPAR,Materiais Básicos,Mineração,Minerais Metálicos,Nivel 1,0,"0,202",0,1,0,0,0,0
BRAV3.SA,BRAV3,BRAV,25291,12091809000155,BRAVA ENERGIA S.A.,BRAVA,Nao Classificado,Exploração. Refino e Distribuição,Nao Classificado,Novo Mercado,0,"0,301",1,0,0,0,0,0
BRBI11.SA,BRBI11,BRBI,25860,10739356000103,BRBI BR PARTNERS S.A.,BR PARTNERS,Financeiro,Intermediários Financeiros,Bancos,Nivel 2,0,"0,030",0,0,1,0,0,0
BRKM5.SA,BRKM5,BRKM,4820,42150391000170,BRASKEM S.A.,BRASKEM,Materiais Básicos,Químicos,Petroquímicos,Nivel 1,0,"0,076",0,1,0,0,0,0
BRSR6.SA,BRSR6,BRSR,1210,92702067000196,BCO ESTADO DO RIO GRANDE DO SUL S.A.,BANRISUL,Financeiro,Intermediários Financeiros,Bancos,Nivel 1,0,"0,104",0,1,0,0,0,0
CAML3.SA,CAML3,CAML,24228,64904295000103,CAMIL ALIMENTOS S.A.,CAMIL,Consumo não Cíclico,Alimentos Processados,Alimentos Diversos,Novo Mercado,0,"0,021",1,0,0,0,0,0
CASH3.SA,CASH3,CASH,25232,14110585000107,MÉLIUZ S.A.,MELIUZ,Tecnologia da Informação,Programas e Serviços,Programas e Serviços,Novo Mercado,0,"0,013",1,0,0,0,0,0
CBAV3.SA,CBAV3,CBAV,25984,61409892000173,COMPANHIA BRASILEIRA DE ALUMÍNIO,CBA,Materiais Básicos,Mineração,Minerais Metálicos,Novo Mercado,0,"0,070",1,0,0,0,0,0
CEAB3.SA,CEAB3,CEAB,24848,45242914000105,CEA MODAS S.A.,CEA MODAS,Consumo Cíclico,Comércio,"Tecidos, Vestuário e Calçados",Novo Mercado,0,"0,085",1,0,0,0,0,0
CMIG4.SA,CMIG4,CMIG,2453,17155730000164,CIA ENERGETICA DE MINAS GERAIS - CEMIG,CEMIG,Utilidade Pública,Energia Elétrica,Energia Elétrica,Nivel 1,1,"0,837",0,1,0,0,0,0
CMIN3.SA,CMIN3,CMIN,25585,8902291000115,CSN MINERAÇÃO S.A.,CSNMINERACAO,Materiais Básicos,Mineração,Minerais Metálicos,Nivel 2,0,"0,266",0,0,1,0,0,0
COGN3.SA,COGN3,COGN,17973,2800026000140,COGNA EDUCAÇÃO S.A.,COGNA ON,Consumo Cíclico,Diversos,Serviços Educacionais,Novo Mercado,0,"0,202",1,0,0,0,0,0
CPFE3.SA,CPFE3,CPFE,18660,2429144000193,CPFL ENERGIA S.A.,CPFL ENERGIA,Utilidade Pública,Energia Elétrica,Energia Elétrica,Novo Mercado,0,"0,333",1,0,0,0,0,0
CPLE3.SA,CPLE3,CPLE,14311,76483817000120,CIA PARANAENSE DE ENERGIA - COPEL,COPEL,Utilidade Pública,Energia Elétrica,Energia Elétrica,Novo Mercado,0,"1,607",1,0,0,0,0,0
CSAN3.SA,CSAN3,CSAN,19836,50746577000115,COSAN S.A.,COSAN,"Petróleo, Gás e Biocombustíveis","Petróleo, Gás e Biocombustíveis","Exploração, Refino e Distribuição",Novo Mercado,0,"0,306",1,0,0,0,0,0
CSMG3.SA,CSMG3,CSMG,19445,17281106000103,CIA SANEAMENTO DE MINAS GERAIS-COPASA MG,COPASA,Utilidade Pública,Água e Saneamento,Água e Saneamento,Novo Mercado,0,"0,350",1,0,0,0,0,0
CSNA3.SA,CSNA3,CSNA,4030,33042730000104,CIA SIDERURGICA NACIONAL,SID NACIONAL,Materiais Básicos,Siderurgia e Metalurgia,Siderurgia,Tradicional,0,"0,159",0,0,0,0,0,1
CURY3.SA,CURY3,CURY,25100,8797760000183,CURY CONSTRUTORA E INCORPORADORA S.A.,CURY S/A,Consumo Cíclico,Construção Civil,Incorporações,Novo Mercado,0,"0,178",1,0,0,0,0,0
CVCB3.SA,CVCB3,CVCB,23310,10760260000119,CVC BRASIL OPERADORA E AGÊNCIA DE VIAGENS S.A.,CVC BRASIL,Consumo Cíclico,Viagens e Lazer,Viagens e Turismo,Novo Mercado,0,"0,030",1,0,0,0,0,0
CXSE3.SA,CXSE3,CXSE,23795,22543331000100,CAIXA SEGURIDADE PARTICIPAÇÕES S.A.,CAIXA SEGURI,Financeiro,Previdência e Seguros,Seguradoras,Novo Mercado,0,"0,366",1,0,0,0,0,0
CYRE3.SA,CYRE3,CYRE,14460,73178600000118,CYRELA BRAZIL REALTY S.A.EMPREEND E PART,CYRELA REALT,Consumo Cíclico,Construção Civil,Incorporações,Novo Mercado,0,"0,228",1,0,0,0,0,0
CYRE4.SA,CYRE4,CYRE,14460,73178600000118,CYRELA BRAZIL REALTY S.A.EMPREEND E PART,CYRELA REALT,Consumo Cíclico,Construção Civil,Incorporações,Novo Mercado,0,"0,039",1,0,0,0,0,0
DESK3.SA,DESK3,DESK,26026,8170849000115,DESKTOP S.A.,DESKTOP,Comunicações,Telecomunicações,Telecomunicações,Novo Mercado,0,"0,020",1,0,0,0,0,0
DIRR3.SA,DIRR3,DIRR,21350,16614075000100,DIRECIONAL ENGENHARIA S.A.,DIRECIONAL,Consumo Cíclico,Construção Civil,Incorporações,Novo Mercado,0,"0,155",1,0,0,0,0,0
DXCO3.SA,DXCO3,DXCO,21091,97837181000147,DEXCO S.A.,DEXCO,Materiais Básicos,Madeira e Papel,Madeira,Novo Mercado,0,"0,060",1,0,0,0,0,0
ECOR3.SA,ECOR3,ECOR,19453,4149454000180,ECORODOVIAS INFRAESTRUTURA E LOGÍSTICA S.A.,ECORODOVIAS,Bens Industriais,Transporte,Exploração de Rodovias,Novo Mercado,0,"0,105",1,0,0,0,0,0
EGIE3.SA,EGIE3,EGIE,17329,2474103000119,ENGIE BRASIL ENERGIA S.A.,ENGIE BRASIL,Utilidade Pública,Energia Elétrica,Energia Elétrica,Novo Mercado,0,"0,428",1,0,0,0,0,0
EMBJ3.SA,EMBJ3,EMBJ,20087,7689002000189,EMBRAER S.A.,EMBRAER,Nao Classificado,Material Aeronáutico e de Defesa,Nao Classificado,Novo Mercado,0,"1,963",1,0,0,0,0,0
ENEV3.SA,ENEV3,ENEV,21237,4423567000121,ENEVA S.A,ENEVA,Utilidade Pública,Energia Elétrica,Energia Elétrica,Novo Mercado,0,"1,672",1,0,0,0,0,0
ENGI11.SA,ENGI11,ENGI,15253,864214000106,ENERGISA S.A.,ENERGISA,Utilidade Pública,Energia Elétrica,Energia Elétrica,Nivel 2,0,"0,659",0,0,1,0,0,0
EQTL3.SA,EQTL3,EQTL,20010,3220438000173,EQUATORIAL S.A.,EQUATORIAL,Utilidade Pública,Energia Elétrica,Energia Elétrica,Novo Mercado,0,"1,805",1,0,0,0,0,0
EVEN3.SA,EVEN3,EVEN,20524,43470988000165,EVEN CONSTRUTORA E INCORPORADORA S.A.,EVEN,Consumo Cíclico,Construção Civil,Incorporações,Novo Mercado,0,"0,040",1,0,0,0,0,0
EZTC3.SA,EZTC3,EZTC,20770,8312229000173,EZ TEC EMPREEND. E PARTICIPACOES S.A.,EZTEC,Consumo Cíclico,Construção Civil,Incorporações,Novo Mercado,0,"0,063",1,0,0,0,0,0
FESA4.SA,FESA4,FESA,3069,15141799000103,CIA FERRO LIGAS DA BAHIA - FERBASA,FERBASA,Materiais Básicos,Siderurgia e Metalurgia,Siderurgia,Nivel 1,0,"0,039",0,1,0,0,0,0
FLRY3.SA,FLRY3,FLRY,21881,60840055000131,FLEURY S.A.,FLEURY,Saúde,"Serviços Médico - Hospitalares, Análises e Diagnósticos","Serviços Médico - Hospitalares, Análises e Diagnósticos",Novo Mercado,0,"0,239",1,0,0,0,0,0
FRAS3.SA,FRAS3,FRAS,6211,88610126000129,FRASLE MOBILITY S.A.,FRAS-LE,Bens Industriais,Material de Transporte,Material Rodoviário,Nivel 1,0,"0,076",0,1,0,0,0,0
GFSA3.SA,GFSA3,GFSA,16101,1545826000107,GAFISA S.A.,GAFISA,Consumo Cíclico,Construção Civil,Incorporações,Novo Mercado,0,"0,001",1,0,0,0,0,0
GGBR4.SA,GGBR4,GGBR,3980,33611500000119,GERDAU S.A.,GERDAU,Materiais Básicos,Siderurgia e Metalurgia,Siderurgia,Nivel 1,0,"0,868",0,1,0,0,0,0
GGPS3.SA,GGPS3,GGPS,25712,9229201000130,GPS PARTICIPACOES E EMPREENDIMENTOS S.A.,GPS,Bens Industriais,Serviços Diversos,Serviços Diversos,Novo Mercado,0,"0,229",1,0,0,0,0,0
GMAT3.SA,GMAT3,GMAT,25186,24990777000109,GRUPO MATEUS S.A.,GRUPO MATEUS,Consumo não Cíclico,Comércio e Distribuição,Alimentos,Novo Mercado,0,"0,068",1,0,0,0,0,0
GOAU4.SA,GOAU4,GOAU,8656,92690783000109,METALURGICA GERDAU S.A.,GERDAU MET,Materiais Básicos,Siderurgia e Metalurgia,Siderurgia,Nivel 1,0,"0,251",0,1,0,0,0,0
GRND3.SA,GRND3,GRND,19615,89850341000160,GRENDENE S.A.,GRENDENE,Consumo Cíclico,"Tecidos, Vestuário e Calçados",Calçados,Novo Mercado,0,"0,038",1,0,0,0,0,0
HAPV3.SA,HAPV3,HAPV,24392,5197443000138,HAPVIDA PARTICIPACOES E INVESTIMENTOS SA,HAPVIDA,Saúde,"Serviços Médico - Hospitalares, Análises e Diagnósticos","Serviços Médico - Hospitalares, Análises e Diagnósticos",Novo Mercado,0,"0,114",1,0,0,0,0,0
HBOR3.SA,HBOR3,HBOR,20877,49263189000102,HELBOR EMPREENDIMENTOS S.A.,HELBOR,Consumo Cíclico,Construção Civil,Incorporações,Novo Mercado,0,"0,005",1,0,0,0,0,0
HBSA3.SA,HBSA3,HBSA,22675,12648327000153,HIDROVIAS DO BRASIL S.A.,HIDROVIAS,Bens Industriais,Transporte,Transporte Hidroviário,Novo Mercado,0,"0,072",1,0,0,0,0,0
HYPE3.SA,HYPE3,HYPE,21431,2932074000191,HYPERA S.A.,HYPERA,Saúde,Comércio e Distribuição,Medicamentos e Outros Produtos,Novo Mercado,0,"0,248",1,0,0,0,0,0
IGTI11.SA,IGTI11,IGTI,8672,60543816000193,IGUATEMI S.A.,IGUATEMI S.A,Financeiro,Exploração de Imóveis,Exploração de Imóveis,Nivel 1,0,"0,204",0,1,0,0,0,0
INTB3.SA,INTB3,INTB,25453,82901000000127,INTELBRAS S.A. IND DE TELEC ELETRONICA BRASILEIRA,INTELBRAS,Tecnologia da Informação,Computadores e Equipamentos,Computadores e Equipamentos,Novo Mercado,0,"0,054",1,0,0,0,0,0
IRBR3.SA,IRBR3,IRBR,24180,33376989000191,IRB - BRASIL RESSEGUROS S.A.,IRBBRASIL RE,Financeiro,Previdência e Seguros,Resseguradoras,Novo Mercado,0,"0,153",1,0,0,0,0,0
ISAE4.SA,ISAE4,ISAE,18376,2998611000104,ISA ENERGIA BRASIL S.A,ISA ENERGIA,Nao Classificado,Energia Elétrica,Nao Classificado,Nivel 1,0,"0,391",0,1,0,0,0,0
ITSA4.SA,ITSA4,ITSA,7617,61532644000115,ITAUSA S.A.,ITAUSA,Financeiro,Intermediários Financeiros,Bancos,Nivel 1,0,"2,818",0,1,0,0,0,0
ITUB3.SA,ITUB3,ITUB,19348,60872504000123,ITAU UNIBANCO HOLDING S.A.,ITAUUNIBANCO,Financeiro,Intermediários Financeiros,Bancos,Nivel 1,0,"0,677",0,1,0,0,0,0
ITUB4.SA,ITUB4,ITUB,19348,60872504000123,ITAU UNIBANCO HOLDING S.A.,ITAUUNIBANCO,Financeiro,Intermediários Financeiros,Bancos,Nivel 1,0,"7,945",0,1,0,0,0,0
JHSF3.SA,JHSF3,JHSF,20605,8294224000165,JHSF PARTICIPACOES S.A.,JHSF PART,Consumo Cíclico,Construção Civil,Incorporações,Novo Mercado,0,"0,124",1,0,0,0,0,0
JSLG3.SA,JSLG3,JSLG,22020,52548435000179,JSL S.A.,JSL,Bens Industriais,Transporte,Transporte Rodoviário,Novo Mercado,0,"0,016",1,0,0,0,0,0
KEPL3.SA,KEPL3,KEPL,7870,91983056000169,KEPLER WEBER S.A.,KEPLER WEBER,Bens Industriais,Máquinas e Equipamentos,Máq. e Equip. Industriais,Novo Mercado,0,"0,045",1,0,0,0,0,0
KLBN11.SA,KLBN11,KLBN,12653,89637490000145,KLABIN S.A.,KLABIN S/A,Materiais Básicos,Madeira e Papel,Papel e Celulose,Nivel 2,0,"0,476",0,0,1,0,0,0
LAVV3.SA,LAVV3,LAVV,25062,26462693000128,LAVVI EMPREENDIMENTOS IMOBILIÁRIOS S.A.,LAVVI,Consumo Cíclico,Construção Civil,Incorporações,Novo Mercado,0,"0,036",1,0,0,0,0,0
LEVE3.SA,LEVE3,LEVE,8575,60476884000187,MAHLE-METAL LEVE S.A.,METAL LEVE,Consumo Cíclico,Automóveis e Motocicletas,Automóveis e Motocicletas,Novo Mercado,0,"0,063",1,0,0,0,0,0
LJQQ3.SA,LJQQ3,LJQQ,25038,96418264021802,LOJAS QUERO-QUERO S/A,QUERO-QUERO,Consumo Cíclico,Comércio,Produtos Diversos,Novo Mercado,0,"0,014",1,0,0,0,0,0
LOGG3.SA,LOGG3,LOGG,23272,9041168000110,LOG COMMERCIAL PROPERTIES,LOG COM PROP,Financeiro,Exploração de Imóveis,Exploração de Imóveis,Novo Mercado,0,"0,045",1,0,0,0,0,0
LREN3.SA,LREN3,LREN,8133,92754738000162,LOJAS RENNER S.A.,LOJAS RENNER,Consumo Cíclico,Comércio,"Tecidos, Vestuário e Calçados",Novo Mercado,0,"0,476",1,0,0,0,0,0
LWSA3.SA,LWSA3,LWSA,24910,2351877000152,LWSA S.A.,LWSA,Tecnologia da Informação,Programas e Serviços,Programas e Serviços,Novo Mercado,0,"0,051",1,0,0,0,0,0
MBRF3.SA,MBRF3,MBRF,20788,3853896000140,MARFRIG GLOBAL FOODS S.A.,MARFRIG,Nao Classificado,Carnes e Derivados,Nao Classificado,Novo Mercado,0,"0,481",1,0,0,0,0,0
MDIA3.SA,MDIA3,MDIA,20338,7206816000115,M.DIAS BRANCO S.A. IND COM DE ALIMENTOS,M.DIASBRANCO,Consumo não Cíclico,Alimentos Processados,Alimentos Diversos,Novo Mercado,0,"0,049",1,0,0,0,0,0
MDNE3.SA,MDNE3,MDNE,21067,12049631000184,MOURA DUBEUX ENGENHARIA S/A,MOURA DUBEUX,Consumo Cíclico,Construção Civil,Incorporações,Novo Mercado,0,"0,066",1,0,0,0,0,0
MGLU3.SA,MGLU3,MGLU,22470,47960950000121,MAGAZINE LUIZA S.A.,MAGAZ LUIZA,Consumo Cíclico,Comércio,Eletrodomésticos,Novo Mercado,0,"0,112",1,0,0,0,0,0
MILS3.SA,MILS3,MILS,22012,27093558000115,MILLS LOCAÇÃO. SERVIÇOS E LOGÍSTICA S.A,MILLS,Bens Industriais,Máquinas e Equipamentos,Máq. e Equip. Industriais,Novo Mercado,0,"0,048",1,0,0,0,0,0
MOTV3.SA,MOTV3,MOTV,18821,2846056000197,MOTIVA INFRAESTRUTURA DE MOBILIDADE S.A.,MOTIVA SA,Nao Classificado,Exploração de Rodovias,Nao Classificado,Novo Mercado,0,"0,558",1,0,0,0,0,0
MOVI3.SA,MOVI3,MOVI,23825,21314559000166,MOVIDA PARTICIPACOES SA,MOVIDA,Consumo Cíclico,Diversos,Aluguel de carros,Novo Mercado,0,"0,067",1,0,0,0,0,0
MRVE3.SA,MRVE3,MRVE,20915,8343492000120,MRV ENGENHARIA E PARTICIPACOES S.A.,MRV,Consumo Cíclico,Construção Civil,Incorporações,Novo Mercado,0,"0,092",1,0,0,0,0,0
MULT3.SA,MULT3,MULT,20982,7816890000153,MULTIPLAN - EMPREEND IMOBILIARIOS S.A.,MULTIPLAN,Financeiro,Exploração de Imóveis,Exploração de Imóveis,Nivel 2,0,"0,353",0,0,1,0,0,0
MYPK3.SA,MYPK3,MYPK,11932,61156113000175,IOCHPE MAXION S.A.,IOCHP-MAXION,Consumo Cíclico,Automóveis e Motocicletas,Automóveis e Motocicletas,Novo Mercado,0,"0,047",1,0,0,0,0,0
NATU3.SA,NATU3,NATU,19550,71673990000177,NATURA COSMETICOS S.A.,NATURA,Nao Classificado,Produtos de Uso Pessoal,Nao Classificado,Novo Mercado,0,"0,273",1,0,0,0,0,0
ODPV3.SA,ODPV3,ODPV,20125,58119199000151,ODONTOPREV S.A.,ODONTOPREV,Saúde,"Serviços Médico - Hospitalares, Análises e Diagnósticos","Serviços Médico - Hospitalares, Análises e Diagnósticos",Novo Mercado,0,"0,126",1,0,0,0,0,0
ONCO3.SA,ONCO3,ONCO,26123,12104241000402,ONCOCLINICAS DO BRASIL SERVICOS MEDICOS  S.A.,ONCOCLINICAS,Saúde,"Serviços Médico - Hospitalares, Análises e Diagnósticos","Serviços Médico - Hospitalares, Análises e Diagnósticos",Novo Mercado,0,"0,058",1,0,0,0,0,0
ORVR3.SA,ORVR3,ORVR,25550,11421994000136,ORIZON VALORIZACAO DE RESIDUOS S.A.,ORIZON,Utilidade Pública,Água e Saneamento,Água e Saneamento,Novo Mercado,0,"0,145",1,0,0,0,0,0
PETR3.SA,PETR3,PETR,9512,33000167000101,PETROLEO BRASILEIRO S.A. PETROBRAS,PETROBRAS,"Petróleo, Gás e Biocombustíveis","Petróleo, Gás e Biocombustíveis","Exploração, Refino e Distribuição",Nivel 2,1,"5,764",0,0,1,0,0,0
PETR4.SA,PETR4,PETR,9512,33000167000101,PETROLEO BRASILEIRO S.A. PETROBRAS,PETROBRAS,"Petróleo, Gás e Biocombustíveis","Petróleo, Gás e Biocombustíveis","Exploração, Refino e Distribuição",Nivel 2,1,"6,642",0,0,1,0,0,0
PGMN3.SA,PGMN3,PGMN,22608,6626253000151,EMPREENDIMENTOS PAGUE MENOS S.A.,PAGUE MENOS,Saúde,Comércio e Distribuição,Medicamentos e Outros Produtos,Novo Mercado,0,"0,050",1,0,0,0,0,0
PLPL3.SA,PLPL3,PLPL,25070,24230275000180,PLANO & PLANO DESENVOLVIMENTO IMOBILIÁRIO S.A.,PLANOEPLANO,Consumo Cíclico,Construção Civil,Incorporações,Novo Mercado,0,"0,023",1,0,0,0,0,0
PNVL3.SA,PNVL3,PNVL,9342,92665611000177,DIMED S.A. DISTRIBUIDORA DE MEDICAMENTOS,DIMED,Saúde,Comércio e Distribuição,Medicamentos e Outros Produtos,Novo Mercado,0,"0,033",1,0,0,0,0,0
POMO4.SA,POMO4,POMO,8451,88611835000129,MARCOPOLO S.A.,MARCOPOLO,Bens Industriais,Material de Transporte,Material Rodoviário,Nivel 2,0,"0,165",0,0,1,0,0,0
POSI3.SA,POSI3,POSI,20362,81243735000148,POSITIVO TECNOLOGIA S.A.,POSITIVO TEC,Tecnologia da Informação,Computadores e Equipamentos,Computadores e Equipamentos,Novo Mercado,0,"0,011",1,0,0,0,0,0
PRIO3.SA,PRIO3,PRIO,22187,10629105000168,PRIO S.A.,PRIO,"Petróleo, Gás e Biocombustíveis","Petróleo, Gás e Biocombustíveis","Exploração, Refino e Distribuição",Novo Mercado,0,"1,504",1,0,0,0,0,0
PRNR3.SA,PRNR3,PRNR,24236,18593815000197,PRINER SERVIÇOS INDUSTRIAIS S.A.,PRINER,Bens Industriais,Serviços Diversos,Serviços Diversos,Novo Mercado,0,"0,038",1,0,0,0,0,0
PSSA3.SA,PSSA3,PSSA,16659,2149205000169,PORTO SEGURO S.A.,PORTO SEGURO,Financeiro,Previdência e Seguros,Seguradoras,Novo Mercado,0,"0,321",1,0,0,0,0,0
QUAL3.SA,QUAL3,QUAL,22497,11992680000193,QUALICORP CONSULTORIA E CORRETORA DE SEGUROS S.A.,QUALICORP,Saúde,"Serviços Médico - Hospitalares, Análises e Diagnósticos","Serviços Médico - Hospitalares, Análises e Diagnósticos",Novo Mercado,0,"0,018",1,0,0,0,0,0
RADL3.SA,RADL3,RADL,5258,61585865000151,RAIA DROGASIL S.A.,RAIADROGASIL,Saúde,Comércio e Distribuição,Medicamentos e Outros Produtos,Novo Mercado,0,"0,981",1,0,0,0,0,0
RAIL3.SA,RAIL3,RAIL,17450,2387241000160,RUMO S.A.,RUMO S.A.,Bens Industriais,Transporte,Transporte Ferroviário,Novo Mercado,0,"0,644",1,0,0,0,0,0
RANI3.SA,RANI3,RANI,2429,92791243000103,IRANI PAPEL E EMBALAGEM S.A.,IRANI,Materiais Básicos,Embalagens,Embalagens,Novo Mercado,0,"0,028",1,0,0,0,0,0
RAPT4.SA,RAPT4,RAPT,14109,89086144000116,RANDONCORP S.A.,RANDON PART,Bens Industriais,Material de Transporte,Material Rodoviário,Nivel 1,0,"0,032",0,1,0,0,0,0
RCSL3.SA,RCSL3,RCSL,12572,91333666000117,RECRUSUL S.A.,RECRUSUL,Bens Industriais,Material de Transporte,Material Rodoviário,Tradicional,0,"0,000",0,0,0,0,0,1
RCSL4.SA,RCSL4,RCSL,12572,91333666000117,RECRUSUL S.A.,RECRUSUL,Bens Industriais,Material de Transporte,Material Rodoviário,Tradicional,0,"0,001",0,0,0,0,0,1
RDOR3.SA,RDOR3,RDOR,24821,6047087000139,REDE DOR SÃO LUIZ S.A.,REDE D OR,Saúde,"Serviços Médico - Hospitalares, Análises e Diagnósticos","Serviços Médico - Hospitalares, Análises e Diagnósticos",Novo Mercado,0,"1,379",1,0,0,0,0,0
RECV3.SA,RECV3,RECV,25780,3342704000130,PETRORECÔNCAVO S.A.,PETRORECSA,"Petróleo, Gás e Biocombustíveis","Petróleo, Gás e Biocombustíveis","Exploração, Refino e Distribuição",Novo Mercado,0,"0,115",1,0,0,0,0,0
RENT3.SA,RENT3,RENT,19739,16670085000155,LOCALIZA RENT A CAR S.A.,LOCALIZA,Consumo Cíclico,Diversos,Aluguel de carros,Novo Mercado,0,"1,626",1,0,0,0,0,0
RENT4.SA,RENT4,RENT,19739,16670085000155,LOCALIZA RENT A CAR S.A.,LOCALIZA,Consumo Cíclico,Diversos,Aluguel de carros,Novo Mercado,0,"0,060",1,0,0,0,0,0
RIAA3.SA,RIAA3,RIAA,4669,8402943000152,GUARARAPES CONFECCOES S.A.,RIACHUELO,Nao Classificado,Tecidos. Vestuário e Calçados,Nao Classificado,Novo Mercado,0,"0,028",1,0,0,0,0,0
SANB11.SA,SANB11,SANB,20532,90400888000142,BCO SANTANDER (BRASIL) S.A.,SANTANDER BR,Financeiro,Intermediários Financeiros,Bancos,Tradicional,0,"0,360",0,0,0,0,0,1
SAPR11.SA,SAPR11,SAPR,18627,76484013000145,CIA SANEAMENTO DO PARANA - SANEPAR,SANEPAR,Utilidade Pública,Água e Saneamento,Água e Saneamento,Nivel 2,0,"0,271",0,0,1,0,0,0
SBFG3.SA,SBFG3,SBFG,24694,13217485000111,GRUPO SBF SA,GRUPO SBF,Consumo Cíclico,Comércio,Produtos Diversos,Novo Mercado,0,"0,054",1,0,0,0,0,0
SBSP3.SA,SBSP3,SBSP,14443,43776517000180,CIA SANEAMENTO BASICO EST SAO PAULO,SABESP,Utilidade Pública,Água e Saneamento,Água e Saneamento,Novo Mercado,1,"3,974",1,0,0,0,0,0
SEER3.SA,SEER3,SEER,23221,4986320000113,SER EDUCACIONAL S.A.,SER EDUCA,Consumo Cíclico,Diversos,Serviços Educacionais,Novo Mercado,0,"0,022",1,0,0,0,0,0
SIMH3.SA,SIMH3,SIMH,25003,7415333000120,SIMPAR S.A.,SIMPAR,Financeiro,Holdings Diversificadas,Holdings Diversificadas,Novo Mercado,0,"0,064",1,0,0,0,0,0
SLCE3.SA,SLCE3,SLCE,20745,89096457000155,SLC AGRICOLA S.A.,SLC AGRICOLA,Consumo não Cíclico,Agropecuária,Agricultura,Novo Mercado,0,"0,127",1,0,0,0,0,0
SMFT3.SA,SMFT3,SMFT,24260,7594978000178,SMARTFIT ESCOLA DE GINÁSTICA E DANÇA S.A.,SMART FIT,Consumo Cíclico,Viagens e Lazer,Atividades Esportivas,Novo Mercado,0,"0,282",1,0,0,0,0,0
SMTO3.SA,SMTO3,SMTO,20516,51466860000156,SAO MARTINHO S.A.,SAO MARTINHO,Consumo não Cíclico,Alimentos Processados,Açucar e Alcool,Novo Mercado,0,"0,065",1,0,0,0,0,0
SOJA3.SA,SOJA3,SOJA,25704,10807374000177,BOA SAFRA SEMENTES S.A.,BOA SAFRA,Consumo não Cíclico,Agropecuária,Agricultura,Novo Mercado,0,"0,013",1,0,0,0,0,0
SUZB3.SA,SUZB3,SUZB,13986,16404287000155,SUZANO S.A.,SUZANO S.A.,Materiais Básicos,Madeira e Papel,Papel e Celulose,Novo Mercado,0,"0,938",1,0,0,0,0,0
SYNE3.SA,SYNE3,SYNE,21040,8801621000186,SYN PROP E TECH S.A.,SYN PROP TEC,Financeiro,Exploração de Imóveis,Exploração de Imóveis,Novo Mercado,0,"0,008",1,0,0,0,0,0
TAEE11.SA,TAEE11,TAEE,20257,7859971000130,TRANSMISSORA ALIANÇA DE ENERGIA ELÉTRICA S.A.,TAESA,Utilidade Pública,Energia Elétrica,Energia Elétrica,Nivel 2,0,"0,321",0,0,1,0,0,0
TEND3.SA,TEND3,TEND,21148,71476527000135,CONSTRUTORA TENDA S.A.,TENDA,Consumo Cíclico,Construção Civil,Incorporações,Novo Mercado,0,"0,120",1,0,0,0,0,0
TFCO4.SA,TFCO4,TFCO,25208,59418806000147,TRACK & FIELD CO S.A.,TRACK FIELD,Consumo Cíclico,"Tecidos, Vestuário e Calçados",Vestuário,Nivel 2,0,"0,025",0,0,1,0,0,0
TGMA3.SA,TGMA3,TGMA,20800,2351144000118,TEGMA GESTAO LOGISTICA S.A.,TEGMA,Bens Industriais,Transporte,Transporte Rodoviário,Novo Mercado,0,"0,035",1,0,0,0,0,0
TIMS3.SA,TIMS3,TIMS,24929,2421421000111,TIM S.A.,TIM,Comunicações,Telecomunicações,Telecomunicações,Novo Mercado,0,"0,692",1,0,0,0,0,0
TOTS3.SA,TOTS3,TOTS,19992,53113791000122,TOTVS S.A.,TOTVS,Tecnologia da Informação,Programas e Serviços,Programas e Serviços,Novo Mercado,0,"0,596",1,0,0,0,0,0
TTEN3.SA,TTEN3,TTEN,25950,94813102000170,TRÊS TENTOS AGROINDUSTRIAL S/A,3TENTOS,Consumo não Cíclico,Agropecuária,Agricultura,Novo Mercado,0,"0,058",1,0,0,0,0,0
TUPY3.SA,TUPY3,TUPY,6343,84683374000300,TUPY S.A.,TUPY,Bens Industriais,Material de Transporte,Material Rodoviário,Novo Mercado,0,"0,066",1,0,0,0,0,0
UGPA3.SA,UGPA3,UGPA,18465,33256439000139,ULTRAPAR PARTICIPACOES S.A.,ULTRAPAR,"Petróleo, Gás e Biocombustíveis","Petróleo, Gás e Biocombustíveis","Exploração, Refino e Distribuição",Novo Mercado,0,"1,025",1,0,0,0,0,0
UNIP6.SA,UNIP6,UNIP,11592,33958695000178,UNIPAR CARBOCLORO S.A.,UNIPAR,Materiais Básicos,Químicos,Químicos Diversos,Tradicional,0,"0,099",0,0,0,0,0,1
USIM5.SA,USIM5,USIM,14320,60894730000105,USINAS SID DE MINAS GERAIS S.A.-USIMINAS,USIMINAS,Materiais Básicos,Siderurgia e Metalurgia,Siderurgia,Nivel 1,0,"0,120",0,1,0,0,0,0
VALE3.SA,VALE3,VALE,4170,33592510000154,VALE S.A.,VALE,Materiais Básicos,Mineração,Minerais Metálicos,Novo Mercado,0,"12,127",1,0,0,0,0,0
VAMO3.SA,VAMO3,VAMO,24716,23373000000132,VAMOS LOCAÇÃO DE CAMINHÕES. MÁQUINAS E EQUIP. S.A.,VAMOS,Consumo Cíclico,Diversos,Aluguel de carros,Novo Mercado,0,"0,066",1,0,0,0,0,0
VBBR3.SA,VBBR3,VBBR,24295,34274233000102,VIBRA ENERGIA S.A.,VIBRA,"Petróleo, Gás e Biocombustíveis","Petróleo, Gás e Biocombustíveis","Exploração, Refino e Distribuição",Novo Mercado,0,"1,274",1,0,0,0,0,0
VIVA3.SA,VIVA3,VIVA,24805,33839910000111,VIVARA PARTICIPAÇOES S.A,VIVARA S.A.,Consumo Cíclico,"Tecidos, Vestuário e Calçados",Acessórios,Novo Mercado,0,"0,109",1,0,0,0,0,0
VIVT3.SA,VIVT3,VIVT,17671,2558157000162,TELEFÔNICA BRASIL S.A,TELEF BRASIL,Comunicações,Telecomunicações,Telecomunicações,Tradicional,0,"0,969",0,0,0,0,0,1
VLID3.SA,VLID3,VLID,20028,33113309000147,VALID SOLUÇÕES S.A.,VALID,Bens Industriais,Serviços Diversos,Serviços Diversos,Novo Mercado,0,"0,050",1,0,0,0,0,0
VULC3.SA,VULC3,VULC,11762,50926955000142,VULCABRAS S.A.,VULCABRAS,Consumo Cíclico,"Tecidos, Vestuário e Calçados",Calçados,Novo Mercado,0,"0,060",1,0,0,0,0,0
WEGE3.SA,WEGE3,WEGE,5410,84429695000111,WEG S.A.,WEG,Bens Industriais,Máquinas e Equipamentos,"Motores, Compressores e Outros",Novo Mercado,0,"2,307",1,0,0,0,0,0
YDUQ3.SA,YDUQ3,YDUQ,21016,8807432000110,YDUQS PARTICIPACOES S.A.,YDUQS PART,Consumo Cíclico,Diversos,Serviços Educacionais,Novo Mercado,0,"0,099",1,0,0,0,0,0
